DailyRisk,ExpectedReturn
0.000000000000000000000000000000,0.000000000000000000000000000000
Runtime,490.000000000000000000000000000000
