DailyRisk,ExpectedReturn
0.000000000000000000000000000000,0.000000000000000000000000000000
53011.310774032295739743858575820923,916.062968891577497743128333240747
60268.488293157730367965996265411377,24712.278704318934615002945065498352
74949.636390732179279439151287078857,29043.222419208719657035544514656067
76671.376341234092251397669315338135,34491.508456659590592607855796813965
Runtime,989.000000000000000000000000000000
