DailyRisk,ExpectedReturn
0.000000000000000000000000000000,0.000000000000000000000000000000
105182.004290760727599263191223144531,74515.169302325579337775707244873047
111087.208321067504584789276123046875,77550.081431591708678752183914184570
134041.357657825225032866001129150391,82311.354841437685536220669746398926
189134.860231656581163406372070312500,85916.661975234121200628578662872314
273108.258039656153414398431777954102,88482.374479009420610964298248291016
418525.811435404757503420114517211914,91048.086982784661813639104366302490
Runtime,1257.000000000000000000000000000000
