DailyRisk,ExpectedReturn
0.000000000000000000000000000000,0.000000000000000000000000000000
57085.429114945342007558792829513550,50928.962213438746402971446514129639
72678.025593865677365101873874664307,51798.180869565199827775359153747559
115913.153583734499989077448844909668,52668.819067193791852332651615142822
Runtime,848.000000000000000000000000000000
