DailyRisk,ExpectedReturn
0.000000000000000000000000000000,0.000000000000000000000000000000
231690.458778242173139005899429321289,656.989264822166205703979358077049
244612.404351938137551769614219665527,3708.018142292499305767705664038658
262765.475448522192891687154769897461,4888.282909090906287019606679677963
286881.991351756558287888765335083008,6595.568574440079828491434454917908
309952.393992059456650167703628540039,11580.909644268789634224958717823029
478318.980103618465363979339599609375,25228.753781291194172808900475502014
Runtime,1449.000000000000000000000000000000
